"1","2019-06-13 17:16:50","2019-06-19 12:21:30","task 1 new"
"2","2019-06-14 05:58:08","2019-06-14 05:58:08","task 2"
"3","2019-06-14 06:15:48","2019-06-14 06:15:48","task 3"
"4","2019-06-14 18:28:50","2019-06-19 11:31:47","task 4"
"5","2019-06-18 20:46:54","2019-06-19 11:44:57","task 5"
"6","2019-06-18 20:48:18","2019-06-18 20:48:18","task 6"
"7","2019-06-18 21:34:38","2019-06-18 21:34:38","task 7"
"8","2019-06-18 21:35:40","2019-06-18 21:35:40","task 8"
"9","2019-06-19 11:30:52","2019-06-19 11:30:52","task 9"
"10","2019-06-19 11:44:23","2019-06-19 11:44:23","task final"
"33","2019-06-19 12:00:49","2019-06-19 12:00:49","task test"
